iteration,LERLv1,LERLv2,LERLv3,LERLv4
0,0.0,0.0,-0.18265449159621028,4.183475651887592
1,0.0,0.0,-0.18265449159621028,4.183475651887592
2,0.0,0.0,-0.18265449159621028,4.183475651887592
3,0.0,0.0,-0.18265449159621028,4.183475651887592
4,0.0,0.0,-0.18265449159621028,4.183475651887592
5,0.0,0.0,-0.18265449159621028,4.183475651887592
6,0.0,0.0,-0.18265449159621028,4.183475651887592
7,0.0,0.0,-0.18265449159621028,4.183475651887592
8,0.0,0.0,-0.18265449159621028,4.183475651887592
9,0.0,0.0,-0.18265449159621028,4.183475651887592
10,0.0,0.0,-0.18265449159621028,4.183475651887592
11,0.0,0.0,-0.18265449159621028,4.183475651887592
12,0.0,0.0,-0.18265449159621028,4.183475651887592
13,0.0,0.0,-0.18265449159621028,4.183475651887592
14,0.0,0.0,-0.18265449159621028,4.183475651887592
15,0.0,0.0,-0.18265449159621028,4.183475651887592
16,0.0,0.0,-0.18265449159621028,4.183475651887592
17,0.0,0.0,-0.18265449159621028,4.183475651887592
18,0.0,0.0,-0.18265449159621028,4.183475651887592
19,0.0,0.0,-0.18265449159621028,4.183475651887592
20,0.0,0.0,-0.18265449159621028,4.183475651887592
21,0.0,0.0,-0.18265449159621028,4.183475651887592
22,0.0,0.0,-0.18265449159621028,4.183475651887592
23,0.0,0.0,-0.18265449159621028,4.183475651887592
24,0.0,0.0,-0.18265449159621028,4.183475651887592
25,0.0,0.0,-0.18265449159621028,4.183475651887592
26,0.0,0.0,-0.18265449159621028,4.183475651887592
27,0.0,0.0,-0.18265449159621028,4.183475651887592
28,0.0,0.0,-0.18265449159621028,4.183475651887592
29,0.0,0.0,-0.18265449159621028,4.183475651887592
30,0.0,0.0,-0.18265449159621028,4.183475651887592
31,0.0,0.0,-0.18265449159621028,4.183475651887592
32,0.0,0.0,-0.18265449159621028,4.183475651887592
33,0.0,0.0,-0.18265449159621028,4.183475651887592
34,0.0,0.0,-0.18265449159621028,4.183475651887592
35,0.0,0.0,-0.18265449159621028,4.183475651887592
36,0.0,0.0,-0.18265449159621028,4.183475651887592
37,0.0,0.0,-0.18265449159621028,4.183475651887592
38,0.0,0.0,-0.18265449159621028,4.183475651887592
39,0.0,0.0,-0.18265449159621028,4.183475651887592
40,0.0,0.0,-0.18265449159621028,4.183475651887592
41,0.0,0.0,-0.18265449159621028,4.183475651887592
42,0.0,0.0,-0.18265449159621028,4.183475651887592
43,0.0,0.0,-0.18265449159621028,4.183475651887592
44,0.0,0.0,-0.18265449159621028,4.183475651887592
45,0.0,0.0,-0.18265449159621028,4.183475651887592
46,0.0,0.0,-0.18265449159621028,4.183475651887592
47,0.0,0.0,-0.18265449159621028,4.183475651887592
48,0.0,0.0,-0.18265449159621028,4.183475651887592
49,0.0,0.0,-0.18265449159621028,4.183475651887592
50,0.0,0.0,-0.18265449159621028,4.183475651887592
51,0.0,0.0,-0.18265449159621028,4.183475651887592
52,0.0,0.0,-0.18265449159621028,4.183475651887592
53,0.0,0.0,-0.18265449159621028,4.183475651887592
54,0.0,0.0,-0.18265449159621028,4.183475651887592
55,0.0,0.0,-0.18265449159621028,4.183475651887592
56,0.0,0.0,-0.18265449159621028,4.183475651887592
57,0.0,0.0,-0.18265449159621028,4.183475651887592
58,0.0,0.0,-0.18265449159621028,4.183475651887592
59,0.0,0.0,-0.18265449159621028,4.183475651887592
60,0.0,0.0,-0.18265449159621028,4.183475651887592
61,0.0,0.0,-0.18265449159621028,4.183475651887592
62,0.0,0.0,-0.18265449159621028,4.183475651887592
63,0.0,0.0,-0.18265449159621028,4.183475651887592
64,0.0,0.0,-0.18265449159621028,4.183475651887592
65,0.0,0.0,-0.18265449159621028,4.183475651887592
66,0.0,0.0,-0.18265449159621028,4.183475651887592
67,0.0,0.0,-0.18265449159621028,4.183475651887592
68,0.0,0.0,-0.18265449159621028,4.183475651887592
69,0.0,0.0,-0.18265449159621028,4.183475651887592
70,0.0,0.0,-0.18265449159621028,4.183475651887592
71,0.0,0.0,-0.18265449159621028,4.183475651887592
72,0.0,0.0,-0.18265449159621028,4.183475651887592
73,0.0,0.0,-0.18265449159621028,4.183475651887592
74,0.0,0.0,-0.18265449159621028,4.183475651887592
75,0.0,0.0,-0.18265449159621028,4.183475651887592
76,0.0,0.0,-0.18265449159621028,4.183475651887592
77,0.0,0.0,-0.18265449159621028,4.183475651887592
78,0.0,0.0,-0.18265449159621028,4.183475651887592
79,0.0,0.0,-0.18265449159621028,4.183475651887592
80,0.0,0.0,-0.18265449159621028,4.183475651887592
81,0.0,0.0,-0.18265449159621028,4.183475651887592
82,0.0,0.0,-0.18265449159621028,4.183475651887592
83,0.0,0.0,-0.18265449159621028,4.183475651887592
84,0.0,0.0,-0.18265449159621028,4.183475651887592
85,0.0,0.0,-0.18265449159621028,4.183475651887592
86,0.0,0.0,-0.18265449159621028,4.183475651887592
87,0.0,0.0,-0.18265449159621028,4.183475651887592
88,0.0,0.0,-0.18265449159621028,4.183475651887592
89,0.0,0.0,-0.18265449159621028,4.183475651887592
90,0.0,0.0,-0.18265449159621028,4.183475651887592
91,0.0,0.0,-0.18265449159621028,4.183475651887592
92,0.0,0.0,-0.18265449159621028,4.183475651887592
93,0.0,0.0,-0.18265449159621028,4.183475651887592
94,0.0,0.0,-0.18265449159621028,4.183475651887592
95,0.0,0.0,-0.18265449159621028,4.183475651887592
96,0.0,0.0,-0.18265449159621028,4.183475651887592
97,0.0,0.0,-0.18265449159621028,4.183475651887592
98,0.0,0.0,-0.18265449159621028,4.183475651887592
99,0.0,0.0,-0.18265449159621028,4.183475651887592
100,0.0,0.0,-0.18265449159621028,4.183475651887592
101,0.0,0.0,-0.18265449159621028,4.183475651887592
102,0.0,0.0,-0.18265449159621028,4.183475651887592
103,0.0,0.0,-0.18265449159621028,4.183475651887592
104,0.0,0.0,-0.18265449159621028,4.183475651887592
105,0.0,0.0,-0.18265449159621028,4.183475651887592
106,0.0,0.0,-0.18265449159621028,4.183475651887592
107,0.0,0.0,-0.18265449159621028,4.183475651887592
108,0.0,0.0,-0.18265449159621028,4.183475651887592
109,0.0,0.0,-0.18265449159621028,4.183475651887592
110,0.0,0.0,-0.18265449159621028,4.183475651887592
111,0.0,0.0,-0.18265449159621028,4.183475651887592
112,0.0,0.0,-0.18265449159621028,4.183475651887592
113,0.0,0.0,-0.18265449159621028,4.183475651887592
114,0.0,0.0,-0.18265449159621028,4.183475651887592
115,0.0,0.0,-0.18265449159621028,4.183475651887592
116,0.0,0.0,-0.18265449159621028,4.183475651887592
117,0.0,0.0,-0.18265449159621028,4.183475651887592
118,0.0,0.0,-0.18265449159621028,4.183475651887592
119,0.0,0.0,-0.18265449159621028,4.183475651887592
120,0.0,0.0,-0.18265449159621028,4.183475651887592
121,0.0,0.0,-0.18265449159621028,4.183475651887592
122,0.0,0.0,-0.18265449159621028,4.183475651887592
123,0.0,0.0,-0.18265449159621028,4.183475651887592
124,0.0,0.0,-0.18265449159621028,4.183475651887592
125,0.0,0.0,-0.18265449159621028,4.183475651887592
126,0.0,0.0,-0.18265449159621028,4.183475651887592
127,0.0,0.0,-0.18265449159621028,4.183475651887592
128,0.0,0.0,-0.18265449159621028,4.183475651887592
129,0.0,0.0,-0.18265449159621028,4.183475651887592
130,0.0,0.0,-0.18265449159621028,4.183475651887592
131,0.0,0.0,-0.18265449159621028,4.183475651887592
132,0.0,0.0,-0.18265449159621028,4.183475651887592
133,0.0,0.0,-0.18265449159621028,4.183475651887592
134,0.0,0.0,-0.18265449159621028,4.183475651887592
135,0.0,0.0,-0.18265449159621028,4.183475651887592
136,0.0,0.0,-0.18265449159621028,4.183475651887592
137,0.0,0.0,-0.18265449159621028,4.183475651887592
138,0.0,0.0,-0.18265449159621028,4.183475651887592
139,0.0,0.0,-0.18265449159621028,4.183475651887592
140,0.0,0.0,-0.18265449159621028,4.183475651887592
141,0.0,0.0,-0.18265449159621028,4.183475651887592
142,0.0,0.0,-0.18265449159621028,4.183475651887592
143,0.0,0.0,-0.18265449159621028,4.183475651887592
144,0.0,0.0,-0.18265449159621028,4.183475651887592
145,0.0,0.0,-0.18265449159621028,4.183475651887592
146,0.0,0.0,-0.18265449159621028,4.183475651887592
147,0.0,0.0,-0.18265449159621028,4.183475651887592
148,0.0,0.0,-0.18265449159621028,4.183475651887592
149,0.0,0.0,-0.18265449159621028,4.183475651887592
150,0.0,0.0,-0.18265449159621028,4.183475651887592
151,0.0,0.0,-0.18265449159621028,4.183475651887592
152,0.0,0.0,-0.18265449159621028,4.183475651887592
153,0.0,0.0,-0.18265449159621028,4.183475651887592
154,0.0,0.0,-0.18265449159621028,4.183475651887592
155,0.0,0.0,-0.18265449159621028,4.183475651887592
156,0.0,0.0,-0.18265449159621028,4.183475651887592
157,0.0,0.0,-0.18265449159621028,4.183475651887592
158,0.0,0.0,-0.18265449159621028,4.183475651887592
159,0.0,0.0,-0.18265449159621028,4.183475651887592
160,0.0,0.0,-0.18265449159621028,4.183475651887592
161,0.0,0.0,-0.18265449159621028,4.183475651887592
162,0.0,0.0,-0.18265449159621028,4.183475651887592
163,0.0,0.0,-0.18265449159621028,4.183475651887592
164,0.0,0.0,-0.18265449159621028,4.183475651887592
165,0.0,0.0,-0.18265449159621028,4.183475651887592
166,0.0,0.0,-0.18265449159621028,4.183475651887592
167,0.0,0.0,-0.18265449159621028,4.183475651887592
168,0.0,0.0,-0.18265449159621028,4.183475651887592
169,0.0,0.0,-0.18265449159621028,4.183475651887592
170,0.0,0.0,-0.18265449159621028,4.183475651887592
171,0.0,0.0,-0.18265449159621028,4.183475651887592
172,0.0,0.0,-0.18265449159621028,4.183475651887592
173,0.0,0.0,-0.18265449159621028,4.183475651887592
174,0.0,0.0,-0.18265449159621028,4.183475651887592
175,0.0,0.0,-0.18265449159621028,4.183475651887592
176,0.0,0.0,-0.18265449159621028,4.183475651887592
177,0.0,0.0,-0.18265449159621028,4.183475651887592
178,0.0,0.0,-0.18265449159621028,4.183475651887592
179,0.0,0.0,-0.18265449159621028,4.183475651887592
180,0.0,0.0,-0.18265449159621028,4.183475651887592
181,0.0,0.0,-0.18265449159621028,4.183475651887592
182,0.0,0.0,-0.18265449159621028,4.183475651887592
183,0.0,0.0,-0.18265449159621028,4.183475651887592
184,0.0,0.0,-0.18265449159621028,4.183475651887592
185,0.0,0.0,-0.18265449159621028,4.183475651887592
186,0.0,0.0,-0.18265449159621028,4.183475651887592
187,0.0,0.0,-0.18265449159621028,4.183475651887592
188,0.0,0.0,-0.18265449159621028,4.183475651887592
189,0.0,0.0,-0.18265449159621028,4.183475651887592
190,0.0,0.0,-0.18265449159621028,4.183475651887592
191,0.0,0.0,-0.18265449159621028,4.183475651887592
192,0.0,0.0,-0.18265449159621028,4.183475651887592
193,0.0,0.0,-0.18265449159621028,4.183475651887592
194,0.0,0.0,-0.18265449159621028,4.183475651887592
195,0.0,0.0,-0.18265449159621028,4.183475651887592
196,0.0,0.0,-0.18265449159621028,4.183475651887592
197,0.0,0.0,-0.18265449159621028,4.183475651887592
198,0.0,0.0,-0.18265449159621028,4.183475651887592
199,0.0,0.0,-0.18265449159621028,4.183475651887592
200,0.0,0.0,-0.18265449159621028,4.183475651887592
201,0.0,0.0,-0.18265449159621028,4.183475651887592
202,0.0,0.0,-0.18265449159621028,4.183475651887592
203,0.0,0.0,-0.18265449159621028,4.183475651887592
204,0.0,0.0,-0.18265449159621028,4.183475651887592
205,0.0,0.0,-0.18265449159621028,4.183475651887592
206,0.0,0.0,-0.18265449159621028,4.183475651887592
207,0.0,0.0,-0.18265449159621028,4.183475651887592
208,0.0,0.0,-0.18265449159621028,4.183475651887592
209,0.0,0.0,-0.18265449159621028,4.183475651887592
210,0.0,0.0,-0.18265449159621028,4.183475651887592
211,0.0,0.0,-0.18265449159621028,4.183475651887592
212,0.0,0.0,-0.18265449159621028,4.183475651887592
213,0.0,0.0,-0.18265449159621028,4.183475651887592
214,0.0,0.0,-0.18265449159621028,4.183475651887592
215,0.0,0.0,-0.18265449159621028,4.183475651887592
216,0.0,0.0,-0.18265449159621028,4.183475651887592
217,0.0,0.0,-0.18265449159621028,4.183475651887592
218,0.0,0.0,-0.18265449159621028,4.183475651887592
219,0.0,0.0,-0.18265449159621028,4.183475651887592
220,0.0,0.0,-0.18265449159621028,4.183475651887592
221,0.0,0.0,-0.18265449159621028,4.183475651887592
222,0.0,0.0,-0.18265449159621028,4.183475651887592
223,0.0,0.0,-0.18265449159621028,4.183475651887592
224,0.0,0.0,-0.18265449159621028,4.183475651887592
225,0.0,0.0,-0.18265449159621028,4.183475651887592
226,0.0,0.0,-0.18265449159621028,4.183475651887592
227,0.0,0.0,-0.18265449159621028,4.183475651887592
228,0.0,0.0,-0.18265449159621028,4.183475651887592
229,0.0,0.0,-0.18265449159621028,4.183475651887592
230,0.0,0.0,-0.18265449159621028,4.183475651887592
231,0.0,0.0,-0.18265449159621028,4.183475651887592
232,0.0,0.0,-0.18265449159621028,4.183475651887592
233,0.0,0.0,-0.18265449159621028,4.183475651887592
234,0.0,0.0,-0.18265449159621028,4.183475651887592
235,0.0,0.0,-0.18265449159621028,4.183475651887592
236,0.0,0.0,-0.18265449159621028,4.183475651887592
237,0.0,0.0,-0.18265449159621028,4.183475651887592
238,0.0,0.0,-0.18265449159621028,4.183475651887592
239,0.0,0.0,-0.18265449159621028,4.183475651887592
240,0.0,0.0,-0.18265449159621028,4.183475651887592
241,0.0,0.0,-0.18265449159621028,4.183475651887592
242,0.0,0.0,-0.18265449159621028,4.183475651887592
243,0.0,0.0,-0.18265449159621028,4.183475651887592
244,0.0,0.0,-0.18265449159621028,4.183475651887592
245,0.0,0.0,-0.18265449159621028,4.183475651887592
246,0.0,0.0,-0.18265449159621028,4.183475651887592
247,0.0,0.0,-0.18265449159621028,4.183475651887592
248,0.0,0.0,-0.18265449159621028,4.183475651887592
249,0.0,0.0,-0.18265449159621028,4.183475651887592
250,0.0,0.0,-0.18265449159621028,4.183475651887592
251,0.0,0.0,-0.18265449159621028,4.183475651887592
252,0.0,0.0,-0.18265449159621028,4.183475651887592
253,0.0,0.0,-0.18265449159621028,4.183475651887592
254,0.0,0.0,-0.18265449159621028,4.183475651887592
255,0.0,0.0,-0.18265449159621028,4.183475651887592
256,0.0,0.0,-0.18265449159621028,4.183475651887592
257,0.0,0.0,-0.18265449159621028,4.183475651887592
258,0.0,0.0,-0.18265449159621028,4.183475651887592
259,0.0,0.0,-0.18265449159621028,4.183475651887592
260,0.0,0.0,-0.18265449159621028,4.183475651887592
261,0.0,0.0,-0.18265449159621028,4.183475651887592
262,0.0,0.0,-0.18265449159621028,4.183475651887592
263,0.0,0.0,-0.18265449159621028,4.183475651887592
264,0.0,0.0,-0.18265449159621028,4.183475651887592
265,0.0,0.0,-0.18265449159621028,4.183475651887592
266,0.0,0.0,-0.18265449159621028,4.183475651887592
267,0.0,0.0,-0.18265449159621028,4.183475651887592
268,0.0,0.0,-0.18265449159621028,4.183475651887592
269,0.0,0.0,-0.18265449159621028,4.183475651887592
270,0.0,0.0,-0.18265449159621028,4.183475651887592
271,0.0,0.0,-0.18265449159621028,4.183475651887592
272,0.0,0.0,-0.18265449159621028,4.183475651887592
273,0.0,0.0,-0.18265449159621028,4.183475651887592
274,0.0,0.0,-0.18265449159621028,4.183475651887592
275,0.0,0.0,-0.18265449159621028,4.183475651887592
276,0.0,0.0,-0.18265449159621028,4.183475651887592
277,0.0,0.0,-0.18265449159621028,4.183475651887592
278,0.0,0.0,-0.18265449159621028,4.183475651887592
279,0.0,0.0,-0.18265449159621028,4.183475651887592
280,0.0,0.0,-0.18265449159621028,4.183475651887592
281,0.0,0.0,-0.18265449159621028,4.183475651887592
282,0.0,0.0,-0.18265449159621028,4.183475651887592
283,0.0,0.0,-0.18265449159621028,4.183475651887592
284,0.0,0.0,-0.18265449159621028,4.183475651887592
285,0.0,0.0,-0.18265449159621028,4.183475651887592
286,0.0,0.0,-0.18265449159621028,4.183475651887592
287,0.0,0.0,-0.18265449159621028,4.183475651887592
288,0.0,0.0,-0.18265449159621028,4.183475651887592
289,0.0,0.0,-0.18265449159621028,4.183475651887592
290,0.0,0.0,-0.18265449159621028,4.183475651887592
291,0.0,0.0,-0.18265449159621028,4.183475651887592
292,0.0,0.0,-0.18265449159621028,4.183475651887592
293,0.0,0.0,-0.18265449159621028,4.183475651887592
294,0.0,0.0,-0.18265449159621028,4.183475651887592
295,0.0,0.0,-0.18265449159621028,4.183475651887592
296,0.0,0.0,-0.18265449159621028,4.183475651887592
297,0.0,0.0,-0.18265449159621028,4.183475651887592
298,0.0,0.0,-0.18265449159621028,4.183475651887592
299,0.0,0.0,-0.18265449159621028,4.183475651887592
300,0.0,0.0,-0.18265449159621028,4.183475651887592
301,0.0,0.0,-0.18265449159621028,4.183475651887592
302,0.0,0.0,-0.18265449159621028,4.183475651887592
303,0.0,0.0,-0.18265449159621028,4.183475651887592
304,0.0,0.0,-0.18265449159621028,4.183475651887592
305,0.0,0.0,-0.18265449159621028,4.183475651887592
306,0.0,0.0,-0.18265449159621028,4.183475651887592
307,0.0,0.0,-0.18265449159621028,4.183475651887592
308,0.0,0.0,-0.18265449159621028,4.183475651887592
309,0.0,0.0,-0.18265449159621028,4.183475651887592
310,0.0,0.0,-0.18265449159621028,4.183475651887592
311,0.0,0.0,-0.18265449159621028,4.183475651887592
312,0.0,0.0,-0.18265449159621028,4.183475651887592
313,0.0,0.0,-0.18265449159621028,4.183475651887592
314,0.0,0.0,-0.18265449159621028,4.183475651887592
315,0.0,0.0,-0.18265449159621028,4.183475651887592
316,0.0,0.0,-0.18265449159621028,4.183475651887592
317,0.0,0.0,-0.18265449159621028,4.183475651887592
318,0.0,0.0,-0.18265449159621028,4.183475651887592
319,0.0,0.0,-0.18265449159621028,4.183475651887592
320,0.0,0.0,-0.18265449159621028,4.183475651887592
321,0.0,0.0,-0.18265449159621028,4.183475651887592
322,0.0,0.0,-0.18265449159621028,4.183475651887592
323,0.0,0.0,-0.18265449159621028,4.183475651887592
324,0.0,0.0,-0.18265449159621028,4.183475651887592
325,0.0,0.0,-0.18265449159621028,4.183475651887592
326,0.0,0.0,-0.18265449159621028,4.183475651887592
327,0.0,0.0,-0.18265449159621028,4.183475651887592
328,0.0,0.0,-0.18265449159621028,4.183475651887592
329,0.0,0.0,-0.18265449159621028,4.183475651887592
330,0.0,0.0,-0.18265449159621028,4.183475651887592
331,0.0,0.0,-0.18265449159621028,4.183475651887592
332,0.0,0.0,-0.18265449159621028,4.183475651887592
333,0.0,0.0,-0.18265449159621028,4.183475651887592
334,0.0,0.0,-0.18265449159621028,4.183475651887592
335,0.0,0.0,-0.18265449159621028,4.183475651887592
336,0.0,0.0,-0.18265449159621028,4.183475651887592
337,0.0,0.0,-0.18265449159621028,4.183475651887592
338,0.0,0.0,-0.18265449159621028,4.183475651887592
339,0.0,0.0,-0.18265449159621028,4.183475651887592
340,0.0,0.0,-0.18265449159621028,4.183475651887592
341,0.0,0.0,-0.18265449159621028,4.183475651887592
342,0.0,0.0,-0.18265449159621028,4.183475651887592
343,0.0,0.0,-0.18265449159621028,4.183475651887592
344,0.0,0.0,-0.18265449159621028,4.183475651887592
345,0.0,0.0,-0.18265449159621028,4.183475651887592
346,0.0,0.0,-0.18265449159621028,4.183475651887592
347,0.0,0.0,-0.18265449159621028,4.183475651887592
348,0.0,0.0,-0.18265449159621028,4.183475651887592
349,0.0,0.0,-0.18265449159621028,4.183475651887592
350,0.0,0.0,-0.18265449159621028,4.183475651887592
351,0.0,0.0,-0.18265449159621028,4.183475651887592
352,0.0,0.0,-0.18265449159621028,4.183475651887592
353,0.0,0.0,-0.18265449159621028,4.183475651887592
354,0.0,0.0,-0.18265449159621028,4.183475651887592
355,0.0,0.0,-0.18265449159621028,4.183475651887592
356,0.0,0.0,-0.18265449159621028,4.183475651887592
357,0.0,0.0,-0.18265449159621028,4.183475651887592
358,0.0,0.0,-0.18265449159621028,4.183475651887592
359,0.0,0.0,-0.18265449159621028,4.183475651887592
360,0.0,0.0,-0.18265449159621028,4.183475651887592
361,0.0,0.0,-0.18265449159621028,4.183475651887592
362,0.0,0.0,-0.18265449159621028,4.183475651887592
363,0.0,0.0,-0.18265449159621028,4.183475651887592
364,0.0,0.0,-0.18265449159621028,4.183475651887592
365,0.0,0.0,-0.18265449159621028,4.183475651887592
366,0.0,0.0,-0.18265449159621028,4.183475651887592
367,0.0,0.0,-0.18265449159621028,4.183475651887592
368,0.0,0.0,-0.18265449159621028,4.183475651887592
369,0.0,0.0,-0.18265449159621028,4.183475651887592
370,0.0,0.0,-0.18265449159621028,4.183475651887592
371,0.0,0.0,-0.18265449159621028,4.183475651887592
372,0.0,0.0,-0.18265449159621028,4.183475651887592
373,0.0,0.0,-0.18265449159621028,4.183475651887592
374,0.0,0.0,-0.18265449159621028,4.183475651887592
375,0.0,0.0,-0.18265449159621028,4.183475651887592
376,0.0,0.0,-0.18265449159621028,4.183475651887592
377,0.0,0.0,-0.18265449159621028,4.183475651887592
378,0.0,0.0,-0.18265449159621028,4.183475651887592
379,0.0,0.0,-0.18265449159621028,4.183475651887592
380,0.0,0.0,-0.18265449159621028,4.183475651887592
381,0.0,0.0,-0.18265449159621028,4.183475651887592
382,0.0,0.0,-0.18265449159621028,4.183475651887592
383,0.0,0.0,-0.18265449159621028,4.183475651887592
384,0.0,0.0,-0.18265449159621028,4.183475651887592
385,0.0,0.0,-0.18265449159621028,4.183475651887592
386,0.0,0.0,-0.18265449159621028,4.183475651887592
387,0.0,0.0,-0.18265449159621028,4.183475651887592
388,0.0,0.0,-0.18265449159621028,4.183475651887592
389,0.0,0.0,-0.18265449159621028,4.183475651887592
390,0.0,0.0,-0.18265449159621028,4.183475651887592
391,0.0,0.0,-0.18265449159621028,4.183475651887592
392,0.0,0.0,-0.18265449159621028,4.183475651887592
393,0.0,0.0,-0.18265449159621028,4.183475651887592
394,0.0,0.0,-0.18265449159621028,4.183475651887592
395,0.0,0.0,-0.18265449159621028,4.183475651887592
396,0.0,0.0,-0.18265449159621028,4.183475651887592
397,0.0,0.0,-0.18265449159621028,4.183475651887592
398,0.0,0.0,-0.18265449159621028,4.183475651887592
399,0.0,0.0,-0.18265449159621028,4.183475651887592
400,0.0,0.0,-0.18265449159621028,4.183475651887592
401,0.0,0.0,-0.18265449159621028,4.183475651887592
402,0.0,0.0,-0.18265449159621028,4.183475651887592
403,0.0,0.0,-0.18265449159621028,4.183475651887592
404,0.0,0.0,-0.18265449159621028,4.183475651887592
405,0.0,0.0,-0.18265449159621028,4.183475651887592
406,0.0,0.0,-0.18265449159621028,4.183475651887592
407,0.0,0.0,-0.18265449159621028,4.183475651887592
408,0.0,0.0,-0.18265449159621028,4.183475651887592
409,0.0,0.0,-0.18265449159621028,4.183475651887592
410,0.0,0.0,-0.18265449159621028,4.183475651887592
411,0.0,0.0,-0.18265449159621028,4.183475651887592
412,0.0,0.0,-0.18265449159621028,4.183475651887592
413,0.0,0.0,-0.18265449159621028,4.183475651887592
414,0.0,0.0,-0.18265449159621028,4.183475651887592
415,0.0,0.0,-0.18265449159621028,4.183475651887592
416,0.0,0.0,-0.18265449159621028,4.183475651887592
417,0.0,0.0,-0.18265449159621028,4.183475651887592
418,0.0,0.0,-0.18265449159621028,4.183475651887592
419,0.0,0.0,-0.18265449159621028,4.183475651887592
420,0.0,0.0,-0.18265449159621028,4.183475651887592
421,0.0,0.0,-0.18265449159621028,4.183475651887592
422,0.0,0.0,-0.18265449159621028,4.183475651887592
423,0.0,0.0,-0.18265449159621028,4.183475651887592
424,0.0,0.0,-0.18265449159621028,4.183475651887592
425,0.0,0.0,-0.18265449159621028,4.183475651887592
426,0.0,0.0,-0.18265449159621028,4.183475651887592
427,0.0,0.0,-0.18265449159621028,4.183475651887592
428,0.0,0.0,-0.18265449159621028,4.183475651887592
429,0.0,0.0,-0.18265449159621028,4.183475651887592
430,0.0,0.0,-0.18265449159621028,4.183475651887592
431,0.0,0.0,-0.18265449159621028,4.183475651887592
432,0.0,0.0,-0.18265449159621028,4.183475651887592
433,0.0,0.0,-0.18265449159621028,4.183475651887592
434,0.0,0.0,-0.18265449159621028,4.183475651887592
435,0.0,0.0,-0.18265449159621028,4.183475651887592
436,0.0,0.0,-0.18265449159621028,4.183475651887592
437,0.0,0.0,-0.18265449159621028,4.183475651887592
438,0.0,0.0,-0.18265449159621028,4.183475651887592
439,0.0,0.0,-0.18265449159621028,4.183475651887592
440,0.0,0.0,-0.18265449159621028,4.183475651887592
441,0.0,0.0,-0.18265449159621028,4.183475651887592
442,0.0,0.0,-0.18265449159621028,4.183475651887592
443,0.0,0.0,-0.18265449159621028,4.183475651887592
444,0.0,0.0,-0.18265449159621028,4.183475651887592
445,0.0,0.0,-0.18265449159621028,4.183475651887592
446,0.0,0.0,-0.18265449159621028,4.183475651887592
447,0.0,0.0,-0.18265449159621028,4.183475651887592
448,0.0,0.0,-0.18265449159621028,4.183475651887592
449,0.0,0.0,-0.18265449159621028,4.183475651887592
450,0.0,0.0,-0.18265449159621028,4.183475651887592
451,0.0,0.0,-0.18265449159621028,4.183475651887592
452,0.0,0.0,-0.18265449159621028,4.183475651887592
453,0.0,0.0,-0.18265449159621028,4.183475651887592
454,0.0,0.0,-0.18265449159621028,4.183475651887592
455,0.0,0.0,-0.18265449159621028,4.183475651887592
456,0.0,0.0,-0.18265449159621028,4.183475651887592
457,0.0,0.0,-0.18265449159621028,4.183475651887592
458,0.0,0.0,-0.18265449159621028,4.183475651887592
459,0.0,0.0,-0.18265449159621028,4.183475651887592
460,0.0,0.0,-0.18265449159621028,4.183475651887592
461,0.0,0.0,-0.18265449159621028,4.183475651887592
462,0.0,0.0,-0.18265449159621028,4.183475651887592
463,0.0,0.0,-0.18265449159621028,4.183475651887592
464,0.0,0.0,-0.18265449159621028,4.183475651887592
465,0.0,0.0,-0.18265449159621028,4.183475651887592
466,0.0,0.0,-0.18265449159621028,4.183475651887592
467,0.0,0.0,-0.18265449159621028,4.183475651887592
468,0.0,0.0,-0.18265449159621028,4.183475651887592
469,0.0,0.0,-0.18265449159621028,4.183475651887592
470,0.0,0.0,-0.18265449159621028,4.183475651887592
471,0.0,0.0,-0.18265449159621028,4.183475651887592
472,0.0,0.0,-0.18265449159621028,4.183475651887592
473,0.0,0.0,-0.18265449159621028,4.183475651887592
474,0.0,0.0,-0.18265449159621028,4.183475651887592
475,0.0,0.0,-0.18265449159621028,4.183475651887592
476,0.0,0.0,-0.18265449159621028,4.183475651887592
477,0.0,0.0,-0.18265449159621028,4.183475651887592
478,0.0,0.0,-0.18265449159621028,4.183475651887592
479,0.0,0.0,-0.18265449159621028,4.183475651887592
480,0.0,0.0,-0.18265449159621028,4.183475651887592
481,0.0,0.0,-0.18265449159621028,4.183475651887592
482,0.0,0.0,-0.18265449159621028,4.183475651887592
483,0.0,0.0,-0.18265449159621028,4.183475651887592
484,0.0,0.0,-0.18265449159621028,4.183475651887592
485,0.0,0.0,-0.18265449159621028,4.183475651887592
486,0.0,0.0,-0.18265449159621028,4.183475651887592
487,0.0,0.0,-0.18265449159621028,4.183475651887592
488,0.0,0.0,-0.18265449159621028,4.183475651887592
489,0.0,0.0,-0.18265449159621028,4.183475651887592
490,0.0,0.0,-0.18265449159621028,4.183475651887592
491,0.0,0.0,-0.18265449159621028,4.183475651887592
492,0.0,0.0,-0.18265449159621028,4.183475651887592
493,0.0,0.0,-0.18265449159621028,4.183475651887592
494,0.0,0.0,-0.18265449159621028,4.183475651887592
495,0.0,0.0,-0.18265449159621028,4.183475651887592
496,0.0,0.0,-0.18265449159621028,4.183475651887592
497,0.0,0.0,-0.18265449159621028,4.183475651887592
498,0.0,0.0,-0.18265449159621028,4.183475651887592
499,0.0,0.0,-0.18265449159621028,4.183475651887592
500,0.0,0.0,-0.18265449159621028,4.183475651887592
501,0.0,0.0,-0.18265449159621028,4.183475651887592
502,0.0,0.0,-0.18265449159621028,4.183475651887592
503,0.0,0.0,-0.18265449159621028,4.183475651887592
504,0.0,0.0,-0.18265449159621028,4.183475651887592
505,0.0,0.0,-0.18265449159621028,4.183475651887592
506,0.0,0.0,-0.18265449159621028,4.183475651887592
507,0.0,0.0,-0.18265449159621028,4.183475651887592
508,0.0,0.0,-0.18265449159621028,4.183475651887592
509,0.0,0.0,-0.18265449159621028,4.183475651887592
510,0.0,0.0,-0.18265449159621028,4.183475651887592
511,0.0,0.0,-0.18265449159621028,4.183475651887592
512,0.0,0.0,-0.18265449159621028,4.183475651887592
513,0.0,0.0,-0.18265449159621028,4.183475651887592
514,0.0,0.0,-0.18265449159621028,4.183475651887592
515,0.0,0.0,-0.18265449159621028,4.183475651887592
516,0.0,0.0,-0.18265449159621028,4.183475651887592
517,0.0,0.0,-0.18265449159621028,4.183475651887592
518,0.0,0.0,-0.18265449159621028,4.183475651887592
519,0.0,0.0,-0.18265449159621028,4.183475651887592
520,0.0,0.0,-0.18265449159621028,4.183475651887592
521,0.0,0.0,-0.18265449159621028,4.183475651887592
522,0.0,0.0,-0.18265449159621028,4.183475651887592
523,0.0,0.0,-0.18265449159621028,4.183475651887592
524,0.0,0.0,-0.18265449159621028,4.183475651887592
525,0.0,0.0,-0.18265449159621028,4.183475651887592
526,0.0,0.0,-0.18265449159621028,4.183475651887592
527,0.0,0.0,-0.18265449159621028,4.183475651887592
528,0.0,0.0,-0.18265449159621028,4.183475651887592
529,0.0,0.0,-0.18265449159621028,4.183475651887592
530,0.0,0.0,-0.18265449159621028,4.183475651887592
531,0.0,0.0,-0.18265449159621028,4.183475651887592
532,0.0,0.0,-0.18265449159621028,4.183475651887592
533,0.0,0.0,-0.18265449159621028,4.183475651887592
534,0.0,0.0,-0.18265449159621028,4.183475651887592
535,0.0,0.0,-0.18265449159621028,4.183475651887592
536,0.0,0.0,-0.18265449159621028,4.183475651887592
537,0.0,0.0,-0.18265449159621028,4.183475651887592
538,0.0,0.0,-0.18265449159621028,4.183475651887592
539,0.0,0.0,-0.18265449159621028,4.183475651887592
540,0.0,0.0,-0.18265449159621028,4.183475651887592
541,0.0,0.0,-0.18265449159621028,4.183475651887592
542,0.0,0.0,-0.18265449159621028,4.183475651887592
543,0.0,0.0,-0.18265449159621028,4.183475651887592
544,0.0,0.0,-0.18265449159621028,4.183475651887592
545,0.0,0.0,-0.18265449159621028,4.183475651887592
546,0.0,0.0,-0.18265449159621028,4.183475651887592
547,0.0,0.0,-0.18265449159621028,4.183475651887592
548,0.0,0.0,-0.18265449159621028,4.183475651887592
549,0.0,0.0,-0.18265449159621028,4.183475651887592
550,0.0,0.0,-0.18265449159621028,4.183475651887592
551,0.0,0.0,-0.18265449159621028,4.183475651887592
552,0.0,0.0,-0.18265449159621028,4.183475651887592
553,0.0,0.0,-0.18265449159621028,4.183475651887592
554,0.0,0.0,-0.18265449159621028,4.183475651887592
555,0.0,0.0,-0.18265449159621028,4.183475651887592
556,0.0,0.0,-0.18265449159621028,4.183475651887592
557,0.0,0.0,-0.18265449159621028,4.183475651887592
558,0.0,0.0,-0.18265449159621028,4.183475651887592
559,0.0,0.0,-0.18265449159621028,4.183475651887592
560,0.0,0.0,-0.18265449159621028,4.183475651887592
561,0.0,0.0,-0.18265449159621028,4.183475651887592
562,0.0,0.0,-0.18265449159621028,4.183475651887592
563,0.0,0.0,-0.18265449159621028,4.183475651887592
564,0.0,0.0,-0.18265449159621028,4.183475651887592
565,0.0,0.0,-0.18265449159621028,4.183475651887592
566,0.0,0.0,-0.18265449159621028,4.183475651887592
567,0.0,0.0,-0.18265449159621028,4.183475651887592
568,0.0,0.0,-0.18265449159621028,4.183475651887592
569,0.0,0.0,-0.18265449159621028,4.183475651887592
570,0.0,0.0,-0.18265449159621028,4.183475651887592
571,0.0,0.0,-0.18265449159621028,4.183475651887592
572,0.0,0.0,-0.18265449159621028,4.183475651887592
573,0.0,0.0,-0.18265449159621028,4.183475651887592
574,0.0,0.0,-0.18265449159621028,4.183475651887592
575,0.0,0.0,-0.18265449159621028,4.183475651887592
576,0.0,0.0,-0.18265449159621028,4.183475651887592
577,0.0,0.0,-0.18265449159621028,4.183475651887592
578,0.0,0.0,-0.18265449159621028,4.183475651887592
579,0.0,0.0,-0.18265449159621028,4.183475651887592
580,0.0,0.0,-0.18265449159621028,4.183475651887592
581,0.0,0.0,-0.18265449159621028,4.183475651887592
582,0.0,0.0,-0.18265449159621028,4.183475651887592
583,0.0,0.0,-0.18265449159621028,4.183475651887592
584,0.0,0.0,-0.18265449159621028,4.183475651887592
585,0.0,0.0,-0.18265449159621028,4.183475651887592
586,0.0,0.0,-0.18265449159621028,4.183475651887592
587,0.0,0.0,-0.18265449159621028,4.183475651887592
588,0.0,0.0,-0.18265449159621028,4.183475651887592
589,0.0,0.0,-0.18265449159621028,4.183475651887592
590,0.0,0.0,-0.18265449159621028,4.183475651887592
591,0.0,0.0,-0.18265449159621028,4.183475651887592
592,0.0,0.0,-0.18265449159621028,4.183475651887592
593,0.0,0.0,-0.18265449159621028,4.183475651887592
594,0.0,0.0,-0.18265449159621028,4.183475651887592
595,0.0,0.0,-0.18265449159621028,4.183475651887592
596,0.0,0.0,-0.18265449159621028,4.183475651887592
597,0.0,0.0,-0.18265449159621028,4.183475651887592
598,0.0,0.0,-0.18265449159621028,4.183475651887592
599,0.0,0.0,-0.18265449159621028,4.183475651887592
600,0.0,0.0,-0.18265449159621028,4.183475651887592
601,0.0,0.0,-0.18265449159621028,4.183475651887592
602,0.0,0.0,-0.18265449159621028,4.183475651887592
603,0.0,0.0,-0.18265449159621028,4.183475651887592
604,0.0,0.0,-0.18265449159621028,4.183475651887592
605,0.0,0.0,-0.18265449159621028,4.183475651887592
606,0.0,0.0,-0.18265449159621028,4.183475651887592
607,0.0,0.0,-0.18265449159621028,4.183475651887592
608,0.0,0.0,-0.18265449159621028,4.183475651887592
609,0.0,0.0,-0.18265449159621028,4.183475651887592
610,0.0,0.0,-0.18265449159621028,4.183475651887592
611,0.0,0.0,-0.18265449159621028,4.183475651887592
612,0.0,0.0,-0.18265449159621028,4.183475651887592
613,0.0,0.0,-0.18265449159621028,4.183475651887592
614,0.0,0.0,-0.18265449159621028,4.183475651887592
615,0.0,0.0,-0.18265449159621028,4.183475651887592
616,0.0,0.0,-0.18265449159621028,4.183475651887592
617,0.0,0.0,-0.18265449159621028,4.183475651887592
618,0.0,0.0,-0.18265449159621028,4.183475651887592
619,0.0,0.0,-0.18265449159621028,4.183475651887592
620,0.0,0.0,-0.18265449159621028,4.183475651887592
621,0.0,0.0,-0.18265449159621028,4.183475651887592
622,0.0,0.0,-0.18265449159621028,4.183475651887592
623,0.0,0.0,-0.18265449159621028,4.183475651887592
624,0.0,0.0,-0.18265449159621028,4.183475651887592
625,0.0,0.0,-0.18265449159621028,4.183475651887592
626,0.0,0.0,-0.18265449159621028,4.183475651887592
627,0.0,0.0,-0.18265449159621028,4.183475651887592
628,0.0,0.0,-0.18265449159621028,4.183475651887592
629,0.0,0.0,-0.18265449159621028,4.183475651887592
630,0.0,0.0,-0.18265449159621028,4.183475651887592
631,0.0,0.0,-0.18265449159621028,4.183475651887592
632,0.0,0.0,-0.18265449159621028,4.183475651887592
633,0.0,0.0,-0.18265449159621028,4.183475651887592
634,0.0,0.0,-0.18265449159621028,4.183475651887592
635,0.0,0.0,-0.18265449159621028,4.183475651887592
636,0.0,0.0,-0.18265449159621028,4.183475651887592
637,0.0,0.0,-0.18265449159621028,4.183475651887592
638,0.0,0.0,-0.18265449159621028,4.183475651887592
639,0.0,0.0,-0.18265449159621028,4.183475651887592
640,0.0,0.0,-0.18265449159621028,4.183475651887592
641,0.0,0.0,-0.18265449159621028,4.183475651887592
642,0.0,0.0,-0.18265449159621028,4.183475651887592
643,0.0,0.0,-0.18265449159621028,4.183475651887592
644,0.0,0.0,-0.18265449159621028,4.183475651887592
645,0.0,0.0,-0.18265449159621028,4.183475651887592
646,0.0,0.0,-0.18265449159621028,4.183475651887592
647,0.0,0.0,-0.18265449159621028,4.183475651887592
648,0.0,0.0,-0.18265449159621028,4.183475651887592
649,0.0,0.0,-0.18265449159621028,4.183475651887592
650,0.0,0.0,-0.18265449159621028,4.183475651887592
651,0.0,0.0,-0.18265449159621028,4.183475651887592
652,0.0,0.0,-0.18265449159621028,4.183475651887592
653,0.0,0.0,-0.18265449159621028,4.183475651887592
654,0.0,0.0,-0.18265449159621028,4.183475651887592
655,0.0,0.0,-0.18265449159621028,4.183475651887592
656,0.0,0.0,-0.18265449159621028,4.183475651887592
657,0.0,0.0,-0.18265449159621028,4.183475651887592
658,0.0,0.0,-0.18265449159621028,4.183475651887592
659,0.0,0.0,-0.18265449159621028,4.183475651887592
660,0.0,0.0,-0.18265449159621028,4.183475651887592
661,0.0,0.0,-0.18265449159621028,4.183475651887592
662,0.0,0.0,-0.18265449159621028,4.183475651887592
663,0.0,0.0,-0.18265449159621028,4.183475651887592
664,0.0,0.0,-0.18265449159621028,4.183475651887592
665,0.0,0.0,-0.18265449159621028,4.183475651887592
666,0.0,0.0,-0.18265449159621028,4.183475651887592
667,0.0,0.0,-0.18265449159621028,4.183475651887592
668,0.0,0.0,-0.18265449159621028,4.183475651887592
669,0.0,0.0,-0.18265449159621028,4.183475651887592
670,0.0,0.0,-0.18265449159621028,4.183475651887592
671,0.0,0.0,-0.18265449159621028,4.183475651887592
672,0.0,0.0,-0.18265449159621028,4.183475651887592
673,0.0,0.0,-0.18265449159621028,4.183475651887592
674,0.0,0.0,-0.18265449159621028,4.183475651887592
675,0.0,0.0,-0.18265449159621028,4.183475651887592
676,0.0,0.0,-0.18265449159621028,4.183475651887592
677,0.0,0.0,-0.18265449159621028,4.183475651887592
678,0.0,0.0,-0.18265449159621028,4.183475651887592
679,0.0,0.0,-0.18265449159621028,4.183475651887592
680,0.0,0.0,-0.18265449159621028,4.183475651887592
681,0.0,0.0,-0.18265449159621028,4.183475651887592
682,0.0,0.0,-0.18265449159621028,4.183475651887592
683,0.0,0.0,-0.18265449159621028,4.183475651887592
684,0.0,0.0,-0.18265449159621028,4.183475651887592
685,0.0,0.0,-0.18265449159621028,4.183475651887592
686,0.0,0.0,-0.18265449159621028,4.183475651887592
687,0.0,0.0,-0.18265449159621028,4.183475651887592
688,0.0,0.0,-0.18265449159621028,4.183475651887592
689,0.0,0.0,-0.18265449159621028,4.183475651887592
690,0.0,0.0,-0.18265449159621028,4.183475651887592
691,0.0,0.0,-0.18265449159621028,4.183475651887592
692,0.0,0.0,-0.18265449159621028,4.183475651887592
693,0.0,0.0,-0.18265449159621028,4.183475651887592
694,0.0,0.0,-0.18265449159621028,4.183475651887592
695,0.0,0.0,-0.18265449159621028,4.183475651887592
696,0.0,0.0,-0.18265449159621028,4.183475651887592
697,0.0,0.0,-0.18265449159621028,4.183475651887592
698,0.0,0.0,-0.18265449159621028,4.183475651887592
699,0.0,0.0,-0.18265449159621028,4.183475651887592
700,0.0,0.0,-0.18265449159621028,4.183475651887592
701,0.0,0.0,-0.18265449159621028,4.183475651887592
702,0.0,0.0,-0.18265449159621028,4.183475651887592
703,0.0,0.0,-0.18265449159621028,4.183475651887592
704,0.0,0.0,-0.18265449159621028,4.183475651887592
705,0.0,0.0,-0.18265449159621028,4.183475651887592
706,0.0,0.0,-0.18265449159621028,4.183475651887592
707,0.0,0.0,-0.18265449159621028,4.183475651887592
708,0.0,0.0,-0.18265449159621028,4.183475651887592
709,0.0,0.0,-0.18265449159621028,4.183475651887592
710,0.0,0.0,-0.18265449159621028,4.183475651887592
711,0.0,0.0,-0.18265449159621028,4.183475651887592
712,0.0,0.0,-0.18265449159621028,4.183475651887592
713,0.0,0.0,-0.18265449159621028,4.183475651887592
714,0.0,0.0,-0.18265449159621028,4.183475651887592
715,0.0,0.0,-0.18265449159621028,4.183475651887592
716,0.0,0.0,-0.18265449159621028,4.183475651887592
717,0.0,0.0,-0.18265449159621028,4.183475651887592
718,0.0,0.0,-0.18265449159621028,4.183475651887592
719,0.0,0.0,-0.18265449159621028,4.183475651887592
720,0.0,0.0,-0.18265449159621028,4.183475651887592
721,0.0,0.0,-0.18265449159621028,4.183475651887592
722,0.0,0.0,-0.18265449159621028,4.183475651887592
723,0.0,0.0,-0.18265449159621028,4.183475651887592
724,0.0,0.0,-0.18265449159621028,4.183475651887592
725,0.0,0.0,-0.18265449159621028,4.183475651887592
726,0.0,0.0,-0.18265449159621028,4.183475651887592
727,0.0,0.0,-0.18265449159621028,4.183475651887592
728,0.0,0.0,-0.18265449159621028,4.183475651887592
729,0.0,0.0,-0.18265449159621028,4.183475651887592
730,0.0,0.0,-0.18265449159621028,4.183475651887592
731,0.0,0.0,-0.18265449159621028,4.183475651887592
732,0.0,0.0,-0.18265449159621028,4.183475651887592
733,0.0,0.0,-0.18265449159621028,4.183475651887592
734,0.0,0.0,-0.18265449159621028,4.183475651887592
735,0.0,0.0,-0.18265449159621028,4.183475651887592
736,0.0,0.0,-0.18265449159621028,4.183475651887592
737,0.0,0.0,-0.18265449159621028,4.183475651887592
738,0.0,0.0,-0.18265449159621028,4.183475651887592
739,0.0,0.0,-0.18265449159621028,4.183475651887592
740,0.0,0.0,-0.18265449159621028,4.183475651887592
741,0.0,0.0,-0.18265449159621028,4.183475651887592
742,0.0,0.0,-0.18265449159621028,4.183475651887592
743,0.0,0.0,-0.18265449159621028,4.183475651887592
744,0.0,0.0,-0.18265449159621028,4.183475651887592
745,0.0,0.0,-0.18265449159621028,4.183475651887592
746,0.0,0.0,-0.18265449159621028,4.183475651887592
747,0.0,0.0,-0.18265449159621028,4.183475651887592
748,0.0,0.0,-0.18265449159621028,4.183475651887592
749,0.0,0.0,-0.18265449159621028,4.183475651887592
750,0.0,0.0,-0.18265449159621028,4.183475651887592
751,0.0,0.0,-0.18265449159621028,4.183475651887592
752,0.0,0.0,-0.18265449159621028,4.183475651887592
753,0.0,0.0,-0.18265449159621028,4.183475651887592
754,0.0,0.0,-0.18265449159621028,4.183475651887592
755,0.0,0.0,-0.18265449159621028,4.183475651887592
756,0.0,0.0,-0.18265449159621028,4.183475651887592
757,0.0,0.0,-0.18265449159621028,4.183475651887592
758,0.0,0.0,-0.18265449159621028,4.183475651887592
759,0.0,0.0,-0.18265449159621028,4.183475651887592
760,0.0,0.0,-0.18265449159621028,4.183475651887592
761,0.0,0.0,-0.18265449159621028,4.183475651887592
762,0.0,0.0,-0.18265449159621028,4.183475651887592
763,0.0,0.0,-0.18265449159621028,4.183475651887592
764,0.0,0.0,-0.18265449159621028,4.183475651887592
765,0.0,0.0,-0.18265449159621028,4.183475651887592
766,0.0,0.0,-0.18265449159621028,4.183475651887592
767,0.0,0.0,-0.18265449159621028,4.183475651887592
768,0.0,0.0,-0.18265449159621028,4.183475651887592
769,0.0,0.0,-0.18265449159621028,4.183475651887592
770,0.0,0.0,-0.18265449159621028,4.183475651887592
771,0.0,0.0,-0.18265449159621028,4.183475651887592
772,0.0,0.0,-0.18265449159621028,4.183475651887592
773,0.0,0.0,-0.18265449159621028,4.183475651887592
774,0.0,0.0,-0.18265449159621028,4.183475651887592
775,0.0,0.0,-0.18265449159621028,4.183475651887592
776,0.0,0.0,-0.18265449159621028,4.183475651887592
777,0.0,0.0,-0.18265449159621028,4.183475651887592
778,0.0,0.0,-0.18265449159621028,4.183475651887592
779,0.0,0.0,-0.18265449159621028,4.183475651887592
780,0.0,0.0,-0.18265449159621028,4.183475651887592
781,0.0,0.0,-0.18265449159621028,4.183475651887592
782,0.0,0.0,-0.18265449159621028,4.183475651887592
783,0.0,0.0,-0.18265449159621028,4.183475651887592
784,0.0,0.0,-0.18265449159621028,4.183475651887592
785,0.0,0.0,-0.18265449159621028,4.183475651887592
786,0.0,0.0,-0.18265449159621028,4.183475651887592
787,0.0,0.0,-0.18265449159621028,4.183475651887592
788,0.0,0.0,-0.18265449159621028,4.183475651887592
789,0.0,0.0,-0.18265449159621028,4.183475651887592
790,0.0,0.0,-0.18265449159621028,4.183475651887592
791,0.0,0.0,-0.18265449159621028,4.183475651887592
792,0.0,0.0,-0.18265449159621028,4.183475651887592
793,0.0,0.0,-0.18265449159621028,4.183475651887592
794,0.0,0.0,-0.18265449159621028,4.183475651887592
795,0.0,0.0,-0.18265449159621028,4.183475651887592
796,0.0,0.0,-0.18265449159621028,4.183475651887592
797,0.0,0.0,-0.18265449159621028,4.183475651887592
798,0.0,0.0,-0.18265449159621028,4.183475651887592
799,0.0,0.0,-0.18265449159621028,4.183475651887592
800,0.0,0.0,-0.18265449159621028,4.183475651887592
801,0.0,0.0,-0.18265449159621028,4.183475651887592
802,0.0,0.0,-0.18265449159621028,4.183475651887592
803,0.0,0.0,-0.18265449159621028,4.183475651887592
804,0.0,0.0,-0.18265449159621028,4.183475651887592
805,0.0,0.0,-0.18265449159621028,4.183475651887592
806,0.0,0.0,-0.18265449159621028,4.183475651887592
807,0.0,0.0,-0.18265449159621028,4.183475651887592
808,0.0,0.0,-0.18265449159621028,4.183475651887592
809,0.0,0.0,-0.18265449159621028,4.183475651887592
810,0.0,0.0,-0.18265449159621028,4.183475651887592
811,0.0,0.0,-0.18265449159621028,4.183475651887592
812,0.0,0.0,-0.18265449159621028,4.183475651887592
813,0.0,0.0,-0.18265449159621028,4.183475651887592
814,0.0,0.0,-0.18265449159621028,4.183475651887592
815,0.0,0.0,-0.18265449159621028,4.183475651887592
816,0.0,0.0,-0.18265449159621028,4.183475651887592
817,0.0,0.0,-0.18265449159621028,4.183475651887592
818,0.0,0.0,-0.18265449159621028,4.183475651887592
819,0.0,0.0,-0.18265449159621028,4.183475651887592
820,0.0,0.0,-0.18265449159621028,4.183475651887592
821,0.0,0.0,-0.18265449159621028,4.183475651887592
822,0.0,0.0,-0.18265449159621028,4.183475651887592
823,0.0,0.0,-0.18265449159621028,4.183475651887592
824,0.0,0.0,-0.18265449159621028,4.183475651887592
825,0.0,0.0,-0.18265449159621028,4.183475651887592
826,0.0,0.0,-0.18265449159621028,4.183475651887592
827,0.0,0.0,-0.18265449159621028,4.183475651887592
828,0.0,0.0,-0.18265449159621028,4.183475651887592
829,0.0,0.0,-0.18265449159621028,4.183475651887592
830,0.0,0.0,-0.18265449159621028,4.183475651887592
831,0.0,0.0,-0.18265449159621028,4.183475651887592
832,0.0,0.0,-0.18265449159621028,4.183475651887592
833,0.0,0.0,-0.18265449159621028,4.183475651887592
834,0.0,0.0,-0.18265449159621028,4.183475651887592
835,0.0,0.0,-0.18265449159621028,4.183475651887592
836,0.0,0.0,-0.18265449159621028,4.183475651887592
837,0.0,0.0,-0.18265449159621028,4.183475651887592
838,0.0,0.0,-0.18265449159621028,4.183475651887592
839,0.0,0.0,-0.18265449159621028,4.183475651887592
840,0.0,0.0,-0.18265449159621028,4.183475651887592
841,0.0,0.0,-0.18265449159621028,4.183475651887592
842,0.0,0.0,-0.18265449159621028,4.183475651887592
843,0.0,0.0,-0.18265449159621028,4.183475651887592
844,0.0,0.0,-0.18265449159621028,4.183475651887592
845,0.0,0.0,-0.18265449159621028,4.183475651887592
846,0.0,0.0,-0.18265449159621028,4.183475651887592
847,0.0,0.0,-0.18265449159621028,4.183475651887592
848,0.0,0.0,-0.18265449159621028,4.183475651887592
849,0.0,0.0,-0.18265449159621028,4.183475651887592
850,0.0,0.0,-0.18265449159621028,4.183475651887592
851,0.0,0.0,-0.18265449159621028,4.183475651887592
852,0.0,0.0,-0.18265449159621028,4.183475651887592
853,0.0,0.0,-0.18265449159621028,4.183475651887592
854,0.0,0.0,-0.18265449159621028,4.183475651887592
855,0.0,0.0,-0.18265449159621028,4.183475651887592
856,0.0,0.0,-0.18265449159621028,4.183475651887592
857,0.0,0.0,-0.18265449159621028,4.183475651887592
858,0.0,0.0,-0.18265449159621028,4.183475651887592
859,0.0,0.0,-0.18265449159621028,4.183475651887592
860,0.0,0.0,-0.18265449159621028,4.183475651887592
861,0.0,0.0,-0.18265449159621028,4.183475651887592
862,0.0,0.0,-0.18265449159621028,4.183475651887592
863,0.0,0.0,-0.18265449159621028,4.183475651887592
864,0.0,0.0,-0.18265449159621028,4.183475651887592
865,0.0,0.0,-0.18265449159621028,4.183475651887592
866,0.0,0.0,-0.18265449159621028,4.183475651887592
867,0.0,0.0,-0.18265449159621028,4.183475651887592
868,0.0,0.0,-0.18265449159621028,4.183475651887592
869,0.0,0.0,-0.18265449159621028,4.183475651887592
870,0.0,0.0,-0.18265449159621028,4.183475651887592
871,0.0,0.0,-0.18265449159621028,4.183475651887592
872,0.0,0.0,-0.18265449159621028,4.183475651887592
873,0.0,0.0,-0.18265449159621028,4.183475651887592
874,0.0,0.0,-0.18265449159621028,4.183475651887592
875,0.0,0.0,-0.18265449159621028,4.183475651887592
876,0.0,0.0,-0.18265449159621028,4.183475651887592
877,0.0,0.0,-0.18265449159621028,4.183475651887592
878,0.0,0.0,-0.18265449159621028,4.183475651887592
879,0.0,0.0,-0.18265449159621028,4.183475651887592
880,0.0,0.0,-0.18265449159621028,4.183475651887592
881,0.0,0.0,-0.18265449159621028,4.183475651887592
882,0.0,0.0,-0.18265449159621028,4.183475651887592
883,0.0,0.0,-0.18265449159621028,4.183475651887592
884,0.0,0.0,-0.18265449159621028,4.183475651887592
885,0.0,0.0,-0.18265449159621028,4.183475651887592
886,0.0,0.0,-0.18265449159621028,4.183475651887592
887,0.0,0.0,-0.18265449159621028,4.183475651887592
888,0.0,0.0,-0.18265449159621028,4.183475651887592
889,0.0,0.0,-0.18265449159621028,4.183475651887592
890,0.0,0.0,-0.18265449159621028,4.183475651887592
891,0.0,0.0,-0.18265449159621028,4.183475651887592
892,0.0,0.0,-0.18265449159621028,4.183475651887592
893,0.0,0.0,-0.18265449159621028,4.183475651887592
894,0.0,0.0,-0.18265449159621028,4.183475651887592
895,0.0,0.0,-0.18265449159621028,4.183475651887592
896,0.0,0.0,-0.18265449159621028,4.183475651887592
897,0.0,0.0,-0.18265449159621028,4.183475651887592
898,0.0,0.0,-0.18265449159621028,4.183475651887592
899,0.0,0.0,-0.18265449159621028,4.183475651887592
900,0.0,0.0,-0.18265449159621028,4.183475651887592
901,0.0,0.0,-0.18265449159621028,4.183475651887592
902,0.0,0.0,-0.18265449159621028,4.183475651887592
903,0.0,0.0,-0.18265449159621028,4.183475651887592
904,0.0,0.0,-0.18265449159621028,4.183475651887592
905,0.0,0.0,-0.18265449159621028,4.183475651887592
906,0.0,0.0,-0.18265449159621028,4.183475651887592
907,0.0,0.0,-0.18265449159621028,4.183475651887592
908,0.0,0.0,-0.18265449159621028,4.183475651887592
909,0.0,0.0,-0.18265449159621028,4.183475651887592
910,0.0,0.0,-0.18265449159621028,4.183475651887592
911,0.0,0.0,-0.18265449159621028,4.183475651887592
912,0.0,0.0,-0.18265449159621028,4.183475651887592
913,0.0,0.0,-0.18265449159621028,4.183475651887592
914,0.0,0.0,-0.18265449159621028,4.183475651887592
915,0.0,0.0,-0.18265449159621028,4.183475651887592
916,0.0,0.0,-0.18265449159621028,4.183475651887592
917,0.0,0.0,-0.18265449159621028,4.183475651887592
918,0.0,0.0,-0.18265449159621028,4.183475651887592
919,0.0,0.0,-0.18265449159621028,4.183475651887592
920,0.0,0.0,-0.18265449159621028,4.183475651887592
921,0.0,0.0,-0.18265449159621028,4.183475651887592
922,0.0,0.0,-0.18265449159621028,4.183475651887592
923,0.0,0.0,-0.18265449159621028,4.183475651887592
924,0.0,0.0,-0.18265449159621028,4.183475651887592
925,0.0,0.0,-0.18265449159621028,4.183475651887592
926,0.0,0.0,-0.18265449159621028,4.183475651887592
927,0.0,0.0,-0.18265449159621028,4.183475651887592
928,0.0,0.0,-0.18265449159621028,4.183475651887592
929,0.0,0.0,-0.18265449159621028,4.183475651887592
930,0.0,0.0,-0.18265449159621028,4.183475651887592
931,0.0,0.0,-0.18265449159621028,4.183475651887592
932,0.0,0.0,-0.18265449159621028,4.183475651887592
933,0.0,0.0,-0.18265449159621028,4.183475651887592
934,0.0,0.0,-0.18265449159621028,4.183475651887592
935,0.0,0.0,-0.18265449159621028,4.183475651887592
936,0.0,0.0,-0.18265449159621028,4.183475651887592
937,0.0,0.0,-0.18265449159621028,4.183475651887592
938,0.0,0.0,-0.18265449159621028,4.183475651887592
939,0.0,0.0,-0.18265449159621028,4.183475651887592
940,0.0,0.0,-0.18265449159621028,4.183475651887592
941,0.0,0.0,-0.18265449159621028,4.183475651887592
942,0.0,0.0,-0.18265449159621028,4.183475651887592
943,0.0,0.0,-0.18265449159621028,4.183475651887592
944,0.0,0.0,-0.18265449159621028,4.183475651887592
945,0.0,0.0,-0.18265449159621028,4.183475651887592
946,0.0,0.0,-0.18265449159621028,4.183475651887592
947,0.0,0.0,-0.18265449159621028,4.183475651887592
948,0.0,0.0,-0.18265449159621028,4.183475651887592
949,0.0,0.0,-0.18265449159621028,4.183475651887592
950,0.0,0.0,-0.18265449159621028,4.183475651887592
951,0.0,0.0,-0.18265449159621028,4.183475651887592
952,0.0,0.0,-0.18265449159621028,4.183475651887592
953,0.0,0.0,-0.18265449159621028,4.183475651887592
954,0.0,0.0,-0.18265449159621028,4.183475651887592
955,0.0,0.0,-0.18265449159621028,4.183475651887592
956,0.0,0.0,-0.18265449159621028,4.183475651887592
957,0.0,0.0,-0.18265449159621028,4.183475651887592
958,0.0,0.0,-0.18265449159621028,4.183475651887592
959,0.0,0.0,-0.18265449159621028,4.183475651887592
960,0.0,0.0,-0.18265449159621028,4.183475651887592
961,0.0,0.0,-0.18265449159621028,4.183475651887592
962,0.0,0.0,-0.18265449159621028,4.183475651887592
963,0.0,0.0,-0.18265449159621028,4.183475651887592
964,0.0,0.0,-0.18265449159621028,4.183475651887592
965,0.0,0.0,-0.18265449159621028,4.183475651887592
966,0.0,0.0,-0.18265449159621028,4.183475651887592
967,0.0,0.0,-0.18265449159621028,4.183475651887592
968,0.0,0.0,-0.18265449159621028,4.183475651887592
969,0.0,0.0,-0.18265449159621028,4.183475651887592
970,0.0,0.0,-0.18265449159621028,4.183475651887592
971,0.0,0.0,-0.18265449159621028,4.183475651887592
972,0.0,0.0,-0.18265449159621028,4.183475651887592
973,0.0,0.0,-0.18265449159621028,4.183475651887592
974,0.0,0.0,-0.18265449159621028,4.183475651887592
975,0.0,0.0,-0.18265449159621028,4.183475651887592
976,0.0,0.0,-0.18265449159621028,4.183475651887592
977,0.0,0.0,-0.18265449159621028,4.183475651887592
978,0.0,0.0,-0.18265449159621028,4.183475651887592
979,0.0,0.0,-0.18265449159621028,4.183475651887592
980,0.0,0.0,-0.18265449159621028,4.183475651887592
981,0.0,0.0,-0.18265449159621028,4.183475651887592
982,0.0,0.0,-0.18265449159621028,4.183475651887592
983,0.0,0.0,-0.18265449159621028,4.183475651887592
984,0.0,0.0,-0.18265449159621028,4.183475651887592
985,0.0,0.0,-0.18265449159621028,4.183475651887592
986,0.0,0.0,-0.18265449159621028,4.183475651887592
987,0.0,0.0,-0.18265449159621028,4.183475651887592
988,0.0,0.0,-0.18265449159621028,4.183475651887592
989,0.0,0.0,-0.18265449159621028,4.183475651887592
990,0.0,0.0,-0.18265449159621028,4.183475651887592
991,0.0,0.0,-0.18265449159621028,4.183475651887592
992,0.0,0.0,-0.18265449159621028,4.183475651887592
993,0.0,0.0,-0.18265449159621028,4.183475651887592
994,0.0,0.0,-0.18265449159621028,4.183475651887592
995,0.0,0.0,-0.18265449159621028,4.183475651887592
996,0.0,0.0,-0.18265449159621028,4.183475651887592
997,0.0,0.0,-0.18265449159621028,4.183475651887592
998,0.0,0.0,-0.18265449159621028,4.183475651887592
999,0.0,0.0,-0.18265449159621028,4.183475651887592
1000,0.0,0.0,-0.18265449159621028,4.183475651887592
1001,0.0,0.0,-0.18265449159621028,4.183475651887592
1002,0.0,0.0,-0.18265449159621028,4.183475651887592
1003,0.0,0.0,-0.18265449159621028,4.183475651887592
1004,0.0,0.0,-0.18265449159621028,4.183475651887592
1005,0.0,0.0,-0.18265449159621028,4.183475651887592
1006,0.0,0.0,-0.18265449159621028,4.183475651887592
1007,0.0,0.0,-0.18265449159621028,4.183475651887592
1008,0.0,0.0,-0.18265449159621028,4.183475651887592
1009,0.0,0.0,-0.18265449159621028,4.183475651887592
1010,0.0,0.0,-0.18265449159621028,4.183475651887592
1011,0.0,0.0,-0.18265449159621028,4.183475651887592
1012,0.0,0.0,-0.18265449159621028,4.183475651887592
1013,0.0,0.0,-0.18265449159621028,4.183475651887592
1014,0.0,0.0,-0.18265449159621028,4.183475651887592
1015,0.0,0.0,-0.18265449159621028,4.183475651887592
1016,0.0,0.0,-0.18265449159621028,4.183475651887592
1017,0.0,0.0,-0.18265449159621028,4.183475651887592
1018,0.0,0.0,-0.18265449159621028,4.183475651887592
1019,0.0,0.0,-0.18265449159621028,4.183475651887592
1020,0.0,0.0,-0.18265449159621028,4.183475651887592
1021,0.0,0.0,-0.18265449159621028,4.183475651887592
1022,0.0,0.0,-0.18265449159621028,4.183475651887592
1023,0.0,0.0,-0.18265449159621028,4.183475651887592
1024,0.0,0.0,-0.18265449159621028,4.183475651887592
1025,0.0,0.0,-0.18265449159621028,4.183475651887592
1026,0.0,0.0,-0.18265449159621028,4.183475651887592
1027,0.0,0.0,-0.18265449159621028,4.183475651887592
1028,0.0,0.0,-0.18265449159621028,4.183475651887592
1029,0.0,0.0,-0.18265449159621028,4.183475651887592
1030,0.0,0.0,-0.18265449159621028,4.183475651887592
1031,0.0,0.0,-0.18265449159621028,4.183475651887592
1032,0.0,0.0,-0.18265449159621028,4.183475651887592
1033,0.0,0.0,-0.18265449159621028,4.183475651887592
1034,0.0,0.0,-0.18265449159621028,4.183475651887592
1035,0.0,0.0,-0.18265449159621028,4.183475651887592
1036,0.0,0.0,-0.18265449159621028,4.183475651887592
1037,0.0,0.0,-0.18265449159621028,4.183475651887592
1038,0.0,0.0,-0.18265449159621028,4.183475651887592
1039,0.0,0.0,-0.18265449159621028,4.183475651887592
1040,0.0,0.0,-0.18265449159621028,4.183475651887592
1041,0.0,0.0,-0.18265449159621028,4.183475651887592
1042,0.0,0.0,-0.18265449159621028,4.183475651887592
1043,0.0,0.0,-0.18265449159621028,4.183475651887592
1044,0.0,0.0,-0.18265449159621028,4.183475651887592
1045,0.0,0.0,-0.18265449159621028,4.183475651887592
1046,0.0,0.0,-0.18265449159621028,4.183475651887592
1047,0.0,0.0,-0.18265449159621028,4.183475651887592
1048,0.0,0.0,-0.18265449159621028,4.183475651887592
1049,0.0,0.0,-0.18265449159621028,4.183475651887592
1050,0.0,0.0,-0.18265449159621028,4.183475651887592
1051,0.0,0.0,-0.18265449159621028,4.183475651887592
1052,0.0,0.0,-0.18265449159621028,4.183475651887592
1053,0.0,0.0,-0.18265449159621028,4.183475651887592
1054,0.0,0.0,-0.18265449159621028,4.183475651887592
1055,0.0,0.0,-0.18265449159621028,4.183475651887592
1056,0.0,0.0,-0.18265449159621028,4.183475651887592
1057,0.0,0.0,-0.18265449159621028,4.183475651887592
1058,0.0,0.0,-0.18265449159621028,4.183475651887592
1059,0.0,0.0,-0.18265449159621028,4.183475651887592
1060,0.0,0.0,-0.18265449159621028,4.183475651887592
1061,0.0,0.0,-0.18265449159621028,4.183475651887592
1062,0.0,0.0,-0.18265449159621028,4.183475651887592
1063,0.0,0.0,-0.18265449159621028,4.183475651887592
1064,0.0,0.0,-0.18265449159621028,4.183475651887592
1065,0.0,0.0,-0.18265449159621028,4.183475651887592
1066,0.0,0.0,-0.18265449159621028,4.183475651887592
1067,0.0,0.0,-0.18265449159621028,4.183475651887592
1068,0.0,0.0,-0.18265449159621028,4.183475651887592
1069,0.0,0.0,-0.18265449159621028,4.183475651887592
1070,0.0,0.0,-0.18265449159621028,4.183475651887592
1071,0.0,0.0,-0.18265449159621028,4.183475651887592
1072,0.0,0.0,-0.18265449159621028,4.183475651887592
1073,0.0,0.0,-0.18265449159621028,4.183475651887592
1074,0.0,0.0,-0.18265449159621028,4.183475651887592
1075,0.0,0.0,-0.18265449159621028,4.183475651887592
1076,0.0,0.0,-0.18265449159621028,4.183475651887592
1077,0.0,0.0,-0.18265449159621028,4.183475651887592
1078,0.0,0.0,-0.18265449159621028,4.183475651887592
1079,0.0,0.0,-0.18265449159621028,4.183475651887592
1080,0.0,0.0,-0.18265449159621028,4.183475651887592
1081,0.0,0.0,-0.18265449159621028,4.183475651887592
1082,0.0,0.0,-0.18265449159621028,4.183475651887592
1083,0.0,0.0,-0.18265449159621028,4.183475651887592
1084,0.0,0.0,-0.18265449159621028,4.183475651887592
1085,0.0,0.0,-0.18265449159621028,4.183475651887592
1086,0.0,0.0,-0.18265449159621028,4.183475651887592
1087,0.0,0.0,-0.18265449159621028,4.183475651887592
1088,0.0,0.0,-0.18265449159621028,4.183475651887592
1089,0.0,0.0,-0.18265449159621028,4.183475651887592
1090,0.0,0.0,-0.18265449159621028,4.183475651887592
1091,0.0,0.0,-0.18265449159621028,4.183475651887592
1092,0.0,0.0,-0.18265449159621028,4.183475651887592
1093,0.0,0.0,-0.18265449159621028,4.183475651887592
1094,0.0,0.0,-0.18265449159621028,4.183475651887592
1095,0.0,0.0,-0.18265449159621028,4.183475651887592
1096,0.0,0.0,-0.18265449159621028,4.183475651887592
1097,0.0,0.0,-0.18265449159621028,4.183475651887592
1098,0.0,0.0,-0.18265449159621028,4.183475651887592
1099,0.0,0.0,-0.18265449159621028,4.183475651887592
1100,0.0,0.0,-0.18265449159621028,4.183475651887592
1101,0.0,0.0,-0.18265449159621028,4.183475651887592
1102,0.0,0.0,-0.18265449159621028,4.183475651887592
1103,0.0,0.0,-0.18265449159621028,4.183475651887592
1104,0.0,0.0,-0.18265449159621028,4.183475651887592
1105,0.0,0.0,-0.18265449159621028,4.183475651887592
1106,0.0,0.0,-0.18265449159621028,4.183475651887592
1107,0.0,0.0,-0.18265449159621028,4.183475651887592
1108,0.0,0.0,-0.18265449159621028,4.183475651887592
1109,0.0,0.0,-0.18265449159621028,4.183475651887592
1110,0.0,0.0,-0.18265449159621028,4.183475651887592
1111,0.0,0.0,-0.18265449159621028,4.183475651887592
1112,0.0,0.0,-0.18265449159621028,4.183475651887592
1113,0.0,0.0,-0.18265449159621028,4.183475651887592
1114,0.0,0.0,-0.18265449159621028,4.183475651887592
1115,0.0,0.0,-0.18265449159621028,4.183475651887592
1116,0.0,0.0,-0.18265449159621028,4.183475651887592
1117,0.0,0.0,-0.18265449159621028,4.183475651887592
1118,0.0,0.0,-0.18265449159621028,4.183475651887592
1119,0.0,0.0,-0.18265449159621028,4.183475651887592
1120,0.0,0.0,-0.18265449159621028,4.183475651887592
1121,0.0,0.0,-0.18265449159621028,4.183475651887592
1122,0.0,0.0,-0.18265449159621028,4.183475651887592
1123,0.0,0.0,-0.18265449159621028,4.183475651887592
1124,0.0,0.0,-0.18265449159621028,4.183475651887592
1125,0.0,0.0,-0.18265449159621028,4.183475651887592
1126,0.0,0.0,-0.18265449159621028,4.183475651887592
1127,0.0,0.0,-0.18265449159621028,4.183475651887592
1128,0.0,0.0,-0.18265449159621028,4.183475651887592
1129,0.0,0.0,-0.18265449159621028,4.183475651887592
1130,0.0,0.0,-0.18265449159621028,4.183475651887592
1131,0.0,0.0,-0.18265449159621028,4.183475651887592
1132,0.0,0.0,-0.18265449159621028,4.183475651887592
1133,0.0,0.0,-0.18265449159621028,4.183475651887592
1134,0.0,0.0,-0.18265449159621028,4.183475651887592
1135,0.0,0.0,-0.18265449159621028,4.183475651887592
1136,0.0,0.0,-0.18265449159621028,4.183475651887592
1137,0.0,0.0,-0.18265449159621028,4.183475651887592
1138,0.0,0.0,-0.18265449159621028,4.183475651887592
1139,0.0,0.0,-0.18265449159621028,4.183475651887592
1140,0.0,0.0,-0.18265449159621028,4.183475651887592
1141,0.0,0.0,-0.18265449159621028,4.183475651887592
1142,0.0,0.0,-0.18265449159621028,4.183475651887592
1143,0.0,0.0,-0.18265449159621028,4.183475651887592
1144,0.0,0.0,-0.18265449159621028,4.183475651887592
1145,0.0,0.0,-0.18265449159621028,4.183475651887592
1146,0.0,0.0,-0.18265449159621028,4.183475651887592
1147,0.0,0.0,-0.18265449159621028,4.183475651887592
1148,0.0,0.0,-0.18265449159621028,4.183475651887592
1149,0.0,0.0,-0.18265449159621028,4.183475651887592
1150,0.0,0.0,-0.18265449159621028,4.183475651887592
1151,0.0,0.0,-0.18265449159621028,4.183475651887592
1152,0.0,0.0,-0.18265449159621028,4.183475651887592
1153,0.0,0.0,-0.18265449159621028,4.183475651887592
1154,0.0,0.0,-0.18265449159621028,4.183475651887592
1155,0.0,0.0,-0.18265449159621028,4.183475651887592
1156,0.0,0.0,-0.18265449159621028,4.183475651887592
1157,0.0,0.0,-0.18265449159621028,4.183475651887592
1158,0.0,0.0,-0.18265449159621028,4.183475651887592
1159,0.0,0.0,-0.18265449159621028,4.183475651887592
1160,0.0,0.0,-0.18265449159621028,4.183475651887592
1161,0.0,0.0,-0.18265449159621028,4.183475651887592
1162,0.0,0.0,-0.18265449159621028,4.183475651887592
1163,0.0,0.0,-0.18265449159621028,4.183475651887592
1164,0.0,0.0,-0.18265449159621028,4.183475651887592
1165,0.0,0.0,-0.18265449159621028,4.183475651887592
1166,0.0,0.0,-0.18265449159621028,4.183475651887592
1167,0.0,0.0,-0.18265449159621028,4.183475651887592
1168,0.0,0.0,-0.18265449159621028,4.183475651887592
1169,0.0,0.0,-0.18265449159621028,4.183475651887592
1170,0.0,0.0,-0.18265449159621028,4.183475651887592
1171,0.0,0.0,-0.18265449159621028,4.183475651887592
1172,0.0,0.0,-0.18265449159621028,4.183475651887592
1173,0.0,0.0,-0.18265449159621028,4.183475651887592
1174,0.0,0.0,-0.18265449159621028,4.183475651887592
1175,0.0,0.0,-0.18265449159621028,4.183475651887592
1176,0.0,0.0,-0.18265449159621028,4.183475651887592
1177,0.0,0.0,-0.18265449159621028,4.183475651887592
1178,0.0,0.0,-0.18265449159621028,4.183475651887592
1179,0.0,0.0,-0.18265449159621028,4.183475651887592
1180,0.0,0.0,-0.18265449159621028,4.183475651887592
1181,0.0,0.0,-0.18265449159621028,4.183475651887592
1182,0.0,0.0,-0.18265449159621028,4.183475651887592
1183,0.0,0.0,-0.18265449159621028,4.183475651887592
1184,0.0,0.0,-0.18265449159621028,4.183475651887592
1185,0.0,0.0,-0.18265449159621028,4.183475651887592
1186,0.0,0.0,-0.18265449159621028,4.183475651887592
1187,0.0,0.0,-0.18265449159621028,4.183475651887592
1188,0.0,0.0,-0.18265449159621028,4.183475651887592
1189,0.0,0.0,-0.18265449159621028,4.183475651887592
1190,0.0,0.0,-0.18265449159621028,4.183475651887592
1191,0.0,0.0,-0.18265449159621028,4.183475651887592
1192,0.0,0.0,-0.18265449159621028,4.183475651887592
1193,0.0,0.0,-0.18265449159621028,4.183475651887592
1194,0.0,0.0,-0.18265449159621028,4.183475651887592
1195,0.0,0.0,-0.18265449159621028,4.183475651887592
1196,0.0,0.0,-0.18265449159621028,4.183475651887592
1197,0.0,0.0,-0.18265449159621028,4.183475651887592
1198,0.0,0.0,-0.18265449159621028,4.183475651887592
1199,0.0,0.0,-0.18265449159621028,4.183475651887592
1200,0.0,0.0,-0.18265449159621028,4.183475651887592
1201,0.0,0.0,-0.18265449159621028,4.183475651887592
1202,0.0,0.0,-0.18265449159621028,4.183475651887592
1203,0.0,0.0,-0.18265449159621028,4.183475651887592
1204,0.0,0.0,-0.18265449159621028,4.183475651887592
1205,0.0,0.0,-0.18265449159621028,4.183475651887592
1206,0.0,0.0,-0.18265449159621028,4.183475651887592
1207,0.0,0.0,-0.18265449159621028,4.183475651887592
1208,0.0,0.0,-0.18265449159621028,4.183475651887592
1209,0.0,0.0,-0.18265449159621028,4.183475651887592
1210,0.0,0.0,-0.18265449159621028,4.183475651887592
1211,0.0,0.0,-0.18265449159621028,4.183475651887592
1212,0.0,0.0,-0.18265449159621028,4.183475651887592
1213,0.0,0.0,-0.18265449159621028,4.183475651887592
1214,0.0,0.0,-0.18265449159621028,4.183475651887592
1215,0.0,0.0,-0.18265449159621028,4.183475651887592
1216,0.0,0.0,-0.18265449159621028,4.183475651887592
1217,0.0,0.0,-0.18265449159621028,4.183475651887592
1218,0.0,0.0,-0.18265449159621028,4.183475651887592
1219,0.0,0.0,-0.18265449159621028,4.183475651887592
1220,0.0,0.0,-0.18265449159621028,4.183475651887592
1221,0.0,0.0,-0.18265449159621028,4.183475651887592
1222,0.0,0.0,-0.18265449159621028,4.183475651887592
1223,0.0,0.0,-0.18265449159621028,4.183475651887592
1224,0.0,0.0,-0.18265449159621028,4.183475651887592
1225,0.0,0.0,-0.18265449159621028,4.183475651887592
1226,0.0,0.0,-0.18265449159621028,4.183475651887592
1227,0.0,0.0,-0.18265449159621028,4.183475651887592
1228,0.0,0.0,-0.18265449159621028,4.183475651887592
1229,0.0,0.0,-0.18265449159621028,4.183475651887592
1230,0.0,0.0,-0.18265449159621028,4.183475651887592
1231,0.0,0.0,-0.18265449159621028,4.183475651887592
1232,0.0,0.0,-0.18265449159621028,4.183475651887592
1233,0.0,0.0,-0.18265449159621028,4.183475651887592
1234,0.0,0.0,-0.18265449159621028,4.183475651887592
1235,0.0,0.0,-0.18265449159621028,4.183475651887592
1236,0.0,0.0,-0.18265449159621028,4.183475651887592
1237,0.0,0.0,-0.18265449159621028,4.183475651887592
1238,0.0,0.0,-0.18265449159621028,4.183475651887592
1239,0.0,0.0,-0.18265449159621028,4.183475651887592
1240,0.0,0.0,-0.18265449159621028,4.183475651887592
1241,0.0,0.0,-0.18265449159621028,4.183475651887592
1242,0.0,0.0,-0.18265449159621028,4.183475651887592
1243,0.0,0.0,-0.18265449159621028,4.183475651887592
1244,0.0,0.0,-0.18265449159621028,4.183475651887592
1245,0.0,0.0,-0.18265449159621028,4.183475651887592
1246,0.0,0.0,-0.18265449159621028,4.183475651887592
1247,0.0,0.0,-0.18265449159621028,4.183475651887592
1248,0.0,0.0,-0.18265449159621028,4.183475651887592
1249,0.0,0.0,-0.18265449159621028,4.183475651887592
1250,0.0,0.0,-0.18265449159621028,4.183475651887592
1251,0.0,0.0,-0.18265449159621028,4.183475651887592
1252,0.0,0.0,-0.18265449159621028,4.183475651887592
1253,0.0,0.0,-0.18265449159621028,4.183475651887592
1254,0.0,0.0,-0.18265449159621028,4.183475651887592
1255,0.0,0.0,-0.18265449159621028,4.183475651887592
1256,0.0,0.0,-0.18265449159621028,4.183475651887592
1257,0.0,0.0,-0.18265449159621028,4.183475651887592
1258,0.0,0.0,-0.18265449159621028,4.183475651887592
1259,0.0,0.0,-0.18265449159621028,4.183475651887592
1260,0.0,0.0,-0.18265449159621028,4.183475651887592
1261,0.0,0.0,-0.18265449159621028,4.183475651887592
1262,0.0,0.0,-0.18265449159621028,4.183475651887592
1263,0.0,0.0,-0.18265449159621028,4.183475651887592
1264,0.0,0.0,-0.18265449159621028,4.183475651887592
1265,0.0,0.0,-0.18265449159621028,4.183475651887592
1266,0.0,0.0,-0.18265449159621028,4.183475651887592
1267,0.0,0.0,-0.18265449159621028,4.183475651887592
1268,0.0,0.0,-0.18265449159621028,4.183475651887592
1269,0.0,0.0,-0.18265449159621028,4.183475651887592
1270,0.0,0.0,-0.18265449159621028,4.183475651887592
1271,0.0,0.0,-0.18265449159621028,4.183475651887592
1272,0.0,0.0,-0.18265449159621028,4.183475651887592
1273,0.0,0.0,-0.18265449159621028,4.183475651887592
1274,0.0,0.0,-0.18265449159621028,4.183475651887592
1275,0.0,0.0,-0.18265449159621028,4.183475651887592
1276,0.0,0.0,-0.18265449159621028,4.183475651887592
1277,0.0,0.0,-0.18265449159621028,4.183475651887592
1278,0.0,0.0,-0.18265449159621028,4.183475651887592
1279,0.0,0.0,-0.18265449159621028,4.183475651887592
1280,0.0,0.0,-0.18265449159621028,4.183475651887592
1281,0.0,0.0,-0.18265449159621028,4.183475651887592
1282,0.0,0.0,-0.18265449159621028,4.183475651887592
1283,0.0,0.0,-0.18265449159621028,4.183475651887592
1284,0.0,0.0,-0.18265449159621028,4.183475651887592
1285,0.0,0.0,-0.18265449159621028,4.183475651887592
1286,0.0,0.0,-0.18265449159621028,4.183475651887592
1287,0.0,0.0,-0.18265449159621028,4.183475651887592
1288,0.0,0.0,-0.18265449159621028,4.183475651887592
1289,0.0,0.0,-0.18265449159621028,4.183475651887592
1290,0.0,0.0,-0.18265449159621028,4.183475651887592
1291,0.0,0.0,-0.18265449159621028,4.183475651887592
1292,0.0,0.0,-0.18265449159621028,4.183475651887592
1293,0.0,0.0,-0.18265449159621028,4.183475651887592
1294,0.0,0.0,-0.18265449159621028,4.183475651887592
1295,0.0,0.0,-0.18265449159621028,4.183475651887592
1296,0.0,0.0,-0.18265449159621028,4.183475651887592
1297,0.0,0.0,-0.18265449159621028,4.183475651887592
1298,0.0,0.0,-0.18265449159621028,4.183475651887592
1299,0.0,0.0,-0.18265449159621028,4.183475651887592
1300,0.0,0.0,-0.18265449159621028,4.183475651887592
1301,0.0,0.0,-0.18265449159621028,4.183475651887592
1302,0.0,0.0,-0.18265449159621028,4.183475651887592
1303,0.0,0.0,-0.18265449159621028,4.183475651887592
1304,0.0,0.0,-0.18265449159621028,4.183475651887592
1305,0.0,0.0,-0.18265449159621028,4.183475651887592
1306,0.0,0.0,-0.18265449159621028,4.183475651887592
1307,0.0,0.0,-0.18265449159621028,4.183475651887592
1308,0.0,0.0,-0.18265449159621028,4.183475651887592
1309,0.0,0.0,-0.18265449159621028,4.183475651887592
1310,0.0,0.0,-0.18265449159621028,4.183475651887592
1311,0.0,0.0,-0.18265449159621028,4.183475651887592
1312,0.0,0.0,-0.18265449159621028,4.183475651887592
1313,0.0,0.0,-0.18265449159621028,4.183475651887592
1314,0.0,0.0,-0.18265449159621028,4.183475651887592
1315,0.0,0.0,-0.18265449159621028,4.183475651887592
1316,0.0,0.0,-0.18265449159621028,4.183475651887592
1317,0.0,0.0,-0.18265449159621028,4.183475651887592
1318,0.0,0.0,-0.18265449159621028,4.183475651887592
1319,0.0,0.0,-0.18265449159621028,4.183475651887592
1320,0.0,0.0,-0.18265449159621028,4.183475651887592
1321,0.0,0.0,-0.18265449159621028,4.183475651887592
1322,0.0,0.0,-0.18265449159621028,4.183475651887592
1323,0.0,0.0,-0.18265449159621028,4.183475651887592
1324,0.0,0.0,-0.18265449159621028,4.183475651887592
1325,0.0,0.0,-0.18265449159621028,4.183475651887592
1326,0.0,0.0,-0.18265449159621028,4.183475651887592
